mattgphoto,I thought #UnitedAirlines was supposed to be good? #GivenTheRunaround @united
financialbuzz,RT @FinancialBuzzCA: Delta Air Lines Reports Third Quarter Financial Results- read the full article on our website: https://t.co/a4VzJIwdTw‚Ä¶
FinancialBuzzCA,Delta Air Lines Reports Third Quarter Financial Results- read the full article on our website:‚Ä¶ https://t.co/m684AJWKcv
carlallendrums,"#unitedAIRLINES, you are the worst.
UNITED AIRLINES, YOU ARE HORRIBLE."
LostAddicted2,"#UnitedAirlines
Do NOT book with United 2 planes with mechanical problems. Delay after delay. Horrible travelling t‚Ä¶ https://t.co/9B6qcmx1rD"
nealpatelkc,@UnitedAirlines @FAANews Are there any limits to reducing legroom? Serious question. #UnitedAirlines‚Ä¶ https://t.co/NCJgackbvT
keke_doll,"Well... he's lucky he wasn't flying United #extinctionrebellion #londoncityairport #unitedairlines #london #uk 
BBC‚Ä¶ https://t.co/JwykdqFhPH"
TheDailyBeat2,"RT @cadamesofficial: It‚Äôs time to head back home!
Once I get back, all the hugs are welcomed.
#nationalhugadrummerday #travelingmusician #t‚Ä¶"
BambiBellina,My Mileage Plus Explorer card doesn‚Äôt allow me free luggage on my United flt. because it‚Äôs a basic economy flt. (wh‚Ä¶ https://t.co/TcKmO7M8JU
TheNicoleD,@UnitedAirlines This flight is in fact not on time and the lady at the gate is saying she doesn‚Äôt know why the flig‚Ä¶ https://t.co/qqHJooNmAB
CrashPad411,"5 stops to Ohare. ¬†Nice &amp; peaceful neighborhood. Home away from home.
#chicago #ord #crashpad411 #flightattendant‚Ä¶ https://t.co/VeovTeW9Jj"
Durteger,@LeaveEUOfficial He's lucky he wasn't flying #UnitedAIRLINES https://t.co/cQR8obwSGW
imwayne_,"Y‚Äôall then really played on my top with these flight prices #UnitedAirlines but see, the Lord don‚Äôt bless no mess."
nickjolly29,"Read the journey to the city of dreams ""London"". Explore the famous spots in #London. Book your #flights at cheap f‚Ä¶ https://t.co/4hvP0xDR9x"
loyndsview,"5/ ""Companies ranging from #Marriott to #UnitedAirlines to #Versace have also had to backtrack on perceived slights‚Ä¶ https://t.co/gAH7XXDv1Y"
GlobalTravelMgt,Scottish regional carrier Loganair has announced a new interline partnership with United Airlines.‚Ä¶ https://t.co/SmKn5bG8nm
DenisaKera,"shame #unitedairlines rerouting intercontinental flight without ANY notice, claiming #austrianairlines is the culpr‚Ä¶ https://t.co/OehxhGpVMY"
jdmacht,...vacation time....Toronto üá®üá¶ bound...for a long weekend. #travel #toseetheleaves #canada  #sfo #sanfransico‚Ä¶ https://t.co/kGBMrsFQ3b
10427994324a4d1,"You know that saying, ‚ÄúDon‚Äôt judge a book by its cover?‚Äù I definitely should have approached my corporate event lik‚Ä¶ https://t.co/F4eBhRdcFg"
WorkHardFlyRite,We had a great time giving ‚ÄòSurprise and Delight‚Äô Joint #recognition to our #IAH team from Above and Below The Wing‚Ä¶ https://t.co/ILJPiBC27B
subyroy,"RT @subyroy: ‚ÄúIndividuals have rights, &amp; there are things no person or group may do to them (without violating their rights)‚Äù Nozick 1974 #‚Ä¶"
LudwigSays,"Do not fly United Airlines. Even with a Business class Interntaional ticket, they will not allow you to enter their‚Ä¶ https://t.co/hFhDMS1uUi"
RayLi_Tweets,"Hey #unitedAIRLINES , just to let you know that one of your flight attendants was pretty rude when he said to use a‚Ä¶ https://t.co/bzXMxwV8nN"
simple_flying,United Airlines Boeing 737 Diverts To Tampa With Smoke Smell Reported https://t.co/TnrcRJuKCs #aircraftsmoke #Tampa‚Ä¶ https://t.co/rpCSeA3nez
GauravM57342116,What‚Äôs the point of 3 meat options United? Thanks for being vegetarian / vegan inclusive ü§¶üèª‚Äç‚ôÇÔ∏è #unitedAIRLINES‚Ä¶ https://t.co/lyBDJE5Y9B
Vinnypatel25,@united both of my disabled parents are told to make do with one wheelchair during an connecting flight. No apologi‚Ä¶ https://t.co/xDoKzOhBVC
kittys5n10,Check out United Airlines Uniform Shirt Men's L Cintas Halloween Costume Long Sleeve New  https://t.co/TnU0WrOUJM v‚Ä¶ https://t.co/KgKpgDrIOl
AlaskaFleet,"Very surprised to see United retire their A320s #4630 and 4631, considering they have 29 older ones. Must have had‚Ä¶ https://t.co/lAiAT2jEyK"
sfjen2902,#HappyBirthday to me!!!  Early #Birthday #present from #Anfield.  Can't wait until 20 October when I can wear mosal‚Ä¶ https://t.co/rdUYjOXelL
virtualUA,Fly the New Spirit of United here at Virtual United Social Club Inc. ‚úàÔ∏èüëçüèª Join us at https://t.co/MXkNVu76Is ‚¨ÖÔ∏è‚Ä¶ https://t.co/jlw7z1DFzN
Swaleeee,"Sometimes I just wish I could fly. But then i think do i really wanna battle it out with another crazy ass bird.
.‚Ä¶ https://t.co/oGg5cUYvV4"
dramymcgaha,Hmmm....got a reply.  Doesn't seem like they are nearly as interested in my satisfaction with their service as I ha‚Ä¶ https://t.co/OZFCd5UNZ8
RoWardsInc,@united Not nearly appropriate or acceptable.  I expect more than a reply on twitter #unitedAIRLINES #badservice #failure
dramymcgaha,@united Would love to have a conversation with you about my return flight from Melbourne.  #polaris #oscarmunez #unitedairlines
RobbRoby,How to know when you fly too much: you recognize a new paint job on a plane... #united #unitedairlines‚Ä¶ https://t.co/RT4OvtZJuq
HRHShelagh,This could be a good delay or a really bad delay. ü§Æü§¢ #UnitedAirlines #Whyme #firsttimemessage https://t.co/rv2pdtotWT
michaelelaschuk,Always nice to see when you land at the airport #chicago #ord #unitedAIRLINES https://t.co/9I1hB5fud5
claimcompanies,RT @hjspeer: Extremely disappointed with @united  today. A flight delayed because they didn‚Äôt have a pilot - how does that even happen?! Wi‚Ä¶
LaurenMurphy19,RT @hjspeer: Extremely disappointed with @united  today. A flight delayed because they didn‚Äôt have a pilot - how does that even happen?! Wi‚Ä¶
HuddleTraders,"American Airlines Cuts Boeing 737 Max from Schedule until January

https://t.co/oFeqlYaZph
#AmericanAirlines‚Ä¶ https://t.co/PnwHMGl7Xj"
hjspeer,Extremely disappointed with @united  today. A flight delayed because they didn‚Äôt have a pilot - how does that even‚Ä¶ https://t.co/b8IOBDzjmj
MoneyTalk1010,United Airlines continues to disappoint customers with an Emergency Plane Landing in Tampa #airlines #flights‚Ä¶ https://t.co/cvOuClwwmV
noahreed,Open middle seats are better than first class. Don‚Äôt @ me... @JonAcuff do you agree? #worktravel #UnitedAirlines @UnitedAirlines
reedo3000,"@united How in the world can you have no worker at the gate 5 minutes AFTER posted departure time? No plane, no one‚Ä¶ https://t.co/AuWf8bDS38"
RoWardsInc,@united We are still sitting here for God sake. You pulled out of the hate by 10 ft so you can say you left at noon‚Ä¶ https://t.co/O1wuYMx3qL
RoWardsInc,@united  currently on flight 848 to MCO.  First class.  $1800 for 2 tickets. Asked FA for a cocktail. We are sittin‚Ä¶ https://t.co/rBPvu1X9Vr
MilChildColGrp,Southern California military children can experience a Fantasy Flight to North Pole! Children 5-9 yrs. contact-‚Ä¶ https://t.co/l4g4IVKcaP
travels_adrian,"Well we paid a little extra for preferred seats and it was worth it, got to stretch out a sleep nicely! Also starte‚Ä¶ https://t.co/VcJqUk00i0"
doughertyevan_,RT @steel71heavy: N876UA making an appearance at @PITairport last night! This was the third time @united sent the bird here in a week and a‚Ä¶
steel71heavy,N876UA making an appearance at @PITairport last night! This was the third time @united sent the bird here in a week‚Ä¶ https://t.co/hGW2ZMC8fm
PamelaGrossJill,"@hannahg11 @AmericanAir Ug - they are all awful, currently on a delay with #unitedAIRLINES I find I always have a p‚Ä¶ https://t.co/UgoBx708tZ"
Danielavoley11,@united @astros Or when luggage disappears and airline avoids responsibility. Terrible experience in Panama. #unitedAIRLINES #panama
mlhowell1991,"@UnitedAirlines #unitedairlines Thanks to Mavin at the Roanoke, VA airport I‚Äôm arriving earlier than expected after‚Ä¶ https://t.co/WiHbJTXLZ6"
cadelarge,#Expectationsetting is such an important aspect of customer experience.  #cxwin here #unitedairlines! Simple and im‚Ä¶ https://t.co/D9tpUP9fP9
larbi1881,‚Å¶@weareunited‚Å© #1millionmiles #unitedairlines #cdg Congratulations to our 1 Million Miles customers out of CDG toda‚Ä¶ https://t.co/GsQlQh9P23
PlaneSpotIsCool,"RT @TykesAeroBlog: N37527 737-9 United Airlines flown to Grant County for storage

Flown Oct8 #KBFI to #KMWH Grant County as BOE127 for sto‚Ä¶"
TykesAeroBlog,"N37527 737-9 United Airlines flown to Grant County for storage

Flown Oct8 #KBFI to #KMWH Grant County as BOE127 fo‚Ä¶ https://t.co/bwZCEjJjAO"
StatMediaNews,".@united Airlines, #Kingsland_Holdings agree for $250 million funding for @Avianca Holdings

#UnitedAirlines‚Ä¶ https://t.co/yjdutPlDxj"
Brandon33045499,A #unitedairlines #staralliance 767-300 at Gate C11 ‚Å¶@united‚Å© https://t.co/GWNL5Smnzz
ChartersBus,"RT @TravelPulse: A cabin pressure issue caused a @united Airlines flight to perform an emergency landing.    
https://t.co/8L1ldzPWCx
#unit‚Ä¶"
poppystarrolsen,@united my luggage is still lost after 5 days. I‚Äôm an Australian National team rider and in the US for an event. Al‚Ä¶ https://t.co/5H1sy1DUJj
IamSusanRoberts,@United I just booked @JetBlue and paid $60 MORE for my fare on principle. You want $30 extra for a small bag and y‚Ä¶ https://t.co/GOe8GRXsRF
TimothyPitcher,@ae4445t Sounds like my last trip on #unitedAIRLINES
kolbywade,Very embarrassed by companies like #NBA #Blizzard #Marriott #AmericanAirlines #UnitedAirlines #Delta for succumbing‚Ä¶ https://t.co/AtkiSQvBnv
Jennifer_Jones,Come on #unitedAIRLINES in Houston. You cant get more help for wheelchair international passengers after a 10 hour flight? Shameful!
lilkat1581,Congratulations to Marri Carr on her 25 years of service with @united  Thank you so much for all you continue to do‚Ä¶ https://t.co/mEsJ0idDEu
FancyNancyReid,@united Hey United...why is it every time I choose a flight...fill out all the info and right as I‚Äôm about to purch‚Ä¶ https://t.co/poXnlvls6S
annmariastat,"@MichelePlayfair Honestly, I thought about that because I needed to send another $180 for status on #UnitedAirlines‚Ä¶ https://t.co/MMmGw2n16m"
IamSusanRoberts,@UnitedAirlines I just booked @JetBlue and paid $60 MORE for my fare on principle. You want $30 extra for a small b‚Ä¶ https://t.co/eXz6uHnR0T
Lindz5280,üíôüíôüíô the new paint colors #UnitedAirlines @weareunited https://t.co/f3hTPdyDbY
cadamesofficial,"It‚Äôs time to head back home!
Once I get back, all the hugs are welcomed.
#nationalhugadrummerday #travelingmusician‚Ä¶ https://t.co/fxtM1Nd046"
EvaPhanton,Thought I was going to Chicago but now I don‚Äôt know if I‚Äôll get off this plane #unitedAIRLINES #flight1686 this is‚Ä¶ https://t.co/IV0B76hxj9
edelweiss330,RT @speedbirdhd: New @weareunited livery at @flyLAXairport - #united #UnitedAirlines #ua #boeing #boeinglovers #boeing737 #b737 #aviators #‚Ä¶
nsyazaa_,"RT @TravelPulse: A cabin pressure issue caused a @united Airlines flight to perform an emergency landing.    
https://t.co/8L1ldzPWCx
#unit‚Ä¶"
HiClassMag,"RT @TravelPulse: A cabin pressure issue caused a @united Airlines flight to perform an emergency landing.    
https://t.co/8L1ldzPWCx
#unit‚Ä¶"
TravelPulse,A cabin pressure issue caused a @united Airlines flight to perform an emergency landing.‚Ä¶ https://t.co/psLqLkQwNI
davidaKaplan,"RT @kambrmedia: ‚ÄúWhether you're in an alliance or you do it for equity ownership's sake, is a tactic,‚Äù says @united‚Äôs Kirby. ‚ÄúIt's not the‚Ä¶"
joevitodeluca,"RT @kambrmedia: ‚ÄúWhether you're in an alliance or you do it for equity ownership's sake, is a tactic,‚Äù says @united‚Äôs Kirby. ‚ÄúIt's not the‚Ä¶"
kambrmedia,"‚ÄúWhether you're in an alliance or you do it for equity ownership's sake, is a tactic,‚Äù says @united‚Äôs Kirby. ‚ÄúIt's‚Ä¶ https://t.co/ueHdaHfmmB"
michelerenee16,"And they offer us a hotel? So what, we can stay for two hours since they didn‚Äôt tell us until 2am that our flight i‚Ä¶ https://t.co/dU0WbL1ilV"
UeichiVA,Same isle different seat and plane lol #travel #UnitedAirlines #hawaii #LosAngeles https://t.co/9skm8nbN6M
AviationTribune,United Airlines and Kingsland Holdings to Provide up to $250 Million of Financing to #Avianca #UnitedAirlines‚Ä¶ https://t.co/8JJC4YX42q
Ashwani3985,RT @simple_flying: United Boeing 787-9 Dreamliner Diverts To Bangor Following Depressurisation https://t.co/PoGZ8uYkld #cabindepressurisati‚Ä¶
simple_flying,United Boeing 787-9 Dreamliner Diverts To Bangor Following Depressurisation https://t.co/PoGZ8uYkld‚Ä¶ https://t.co/OPhz6liaz5
Jeffsthoughts1,@flySFO @UnitedAirlines @TSA how is this ok? #unitedAIRLINES #tsa #sfo #airtravel #greed #fixit #grift https://t.co/kRFNqMeein
MKinsch,Thanks capt. Thomas for my time on the flight deck tonight my first commercial landing #unitedAIRLINES does it rt w‚Ä¶ https://t.co/oAAFUOwuSN
AviationFigures,"A #UnitedAirlines bound for Amsterdam carrying 200 passengers made an emergency landing at Bangor, Maine late on Su‚Ä¶ https://t.co/YQRihZy9sM"
Gidon_it,Impressed with dinner tonight! Steak night at 35k. Not quite @steak48 though?! #MondayMood #travel #iah #SFO‚Ä¶ https://t.co/4VS5KGqeB7
HoldawayIan,RT @QuibbleCritic: Who did this üòÇüòÇüòÇüòÇüòÇ #FunnyBeacauseItsTrue #flight3411  @united #unitedflight3411 #unitedAIRLINES #NewUnitedAirlinesMottos‚Ä¶
DavisSociologis,"RT @DrMilmon: At boarding gate, told there was no more space and that I HAD to check my bag. Then I get on and see this all around my seat.‚Ä¶"
JcOrdorica,@united Ok! Because this is relevant!!! #UnitedAirlines suck https://t.co/LzTgqMjYWN
JcOrdorica,@united Yeah! I imagen that you are s√∫per sorry in lithium tech office. #UnitedAirlines you suck
RobbRoby,"#flythefriendlyskies #unitedairlines #finallyairborne @ New York, New York https://t.co/vdLScdzEF9"
JcOrdorica,Fuck you #UnitedAirlines you waste my entire day regardless of that you miserable bastards just gave me 10 dlls for‚Ä¶ https://t.co/RlMc8PFQbq
AviationKord,RT @speedbirdhd: New @weareunited livery at @flyLAXairport - #united #UnitedAirlines #ua #boeing #boeinglovers #boeing737 #b737 #aviators #‚Ä¶
AviacionVEN,#unitedairlines #boeing757 landing at #lax. hd_melbourne_aviation https://t.co/3dqyX6VrSM
claimcompanies,"RT @toripohlner: Hey @united , we are delayed for the 3rd time this weekend on flight 2134 to Houston. Pleeaaseee hold flight 3542 to XNA f‚Ä¶"
toripohlner,"Hey @united , we are delayed for the 3rd time this weekend on flight 2134 to Houston. Pleeaaseee hold flight 3542 t‚Ä¶ https://t.co/Z4YpzQtzea"
ATAnalysis,RT @ATAnalysis: United Airlines offers very inconsistent premium cabin offerings. In this article: everything you need to know about which‚Ä¶
DreamsDieInReno,Boarding flight to Reno from Chicago. It's the only gate with hillbilly mountain peopleüò° #renosucks #Reno #unitedairlines
ChartersBus,"RT @TravelPulse: A cabin pressure issue caused a @united Airlines flight to perform an emergency landing.   
https://t.co/cs5TOHUDE9
#unite‚Ä¶"
TravelPulse,"A cabin pressure issue caused a @united Airlines flight to perform an emergency landing.   
https://t.co/cs5TOHUDE9‚Ä¶ https://t.co/jhnTJXDkUi"
ChartersBus,"RT @TravelPulse: A cabin pressure issue caused a @united Airlines flight to perform an emergency landing.  
https://t.co/tTZtdZ6ab4
#united‚Ä¶"
AndreMoten,RT @TravelCTM_UK: .@united passengers in Chicago have the opportunity to score business class seats &amp; upgrades on flights to London on the‚Ä¶
Cramx3,Does @united clean their planes? Not sure if this scum next to my seat is snot or puke with hair mixed in‚Ä¶ https://t.co/SdFsj9zTaW
ClaesAct,Quick overnight hop to SFO. #nonstoptravel #unitedairlines https://t.co/IERgfwuq3f
gina_packer,RT @HongKongTourism: Looking for your next vacation spot? #UnitedAirlines has incredible deals on flights to Hong Kong. @united üì∑: @antonio‚Ä¶
flyavp,"""An investment in travel is an investment in yourself.""
.
üì∏: Jacob Clarke
.
#TravelMotivation #MondayMotivation‚Ä¶ https://t.co/Kj5OTOpw1c"
byronmcwilliams,Supposedly we are on ground delay in Houston due to weather. Either #UnitedAirlines is not telling the truth or the‚Ä¶ https://t.co/U5eL62QSVD
paulamhall,King David did not have this view and he wrote: ‚Äú...when I consider the heavens the work of your fingers... ‚Äú... I‚Ä¶ https://t.co/NCjxIDOJll
sugarclint,Ugh. Worst #unitedAIRLINES #fail I‚Äôve ever had. 30 min delay turns into a 90 min delay turns into a 4 hr delay!  Ju‚Ä¶ https://t.co/h8kgWRjQhu
ryan_m2019,@united .@united @unitedairlines on hold for almost 1.5 hours. Over 2.5 hours total today with customer service.‚Ä¶ https://t.co/IYgGa9jPSS
irisaraceli17,When you pay 60$for an upgraded window seat so you dnt have a panick attack on the plane &amp; there‚Äôs no window &amp; then‚Ä¶ https://t.co/3cqvdzhu4V
ryan_m2019,@united .@united @UnitedAirlines over 30 minutes on hold during my fourth call to customer service. #united #unitedAIRLINES #CustomerService
ryan_m2019,@united .@united @unitedairlines most likely not. Seems that your entire customer service organization is incompete‚Ä¶ https://t.co/UJnR6HygXc
tuningelement,As seen on¬†Hemispheres Magazine on United Airlines ‚úà Get the best quality of sleep you deserve üò¥ with the Sleep Nec‚Ä¶ https://t.co/7eLMKC9K46
ryan_m2019,@united .@united @unitedairlines two supervisors hung up on me and a manager then lied to me. Appalling all around.‚Ä¶ https://t.co/cY9vpIg31W
DirkOnTour,Checked-in for the flight back home. Now waiting for the first leg to Chicago. #insideflyernl #flyingonpoints2019‚Ä¶ https://t.co/zAT3PXQNKs
djalexreyes,#BREAKING A United #unitedairlines Flight Out of #SFO Makes Emergency Landing in #Maine prayers to everyone involve‚Ä¶ https://t.co/BqypUpbfOZ
ryan_m2019,.@united @unitedairlines Worst customer service ever!  #united #unitedAIRLINES #CustomerService
JacksonAirports,RT @csfernandez1977: Another excellent flight ! Thanks ! @weareunited @united #unitedAIRLINES #JacksonMs @JacksonAirports #Home Home ! http‚Ä¶
JetsonLes,"RT @JetsonLes: Airline Pilot Shortage Solutions at United, Delta, American &amp;#038; Southwest https://t.co/vKtq3S02Ml

#AvGeek #AvGeeks #airl‚Ä¶"
kmot_07979,"RT @TravelPulse: A cabin pressure issue caused a @united Airlines flight to perform an emergency landing.  
https://t.co/tTZtdZ6ab4
#united‚Ä¶"
kowthajanaki,.@united  It‚Äôs disappointing to know that there are no power outlets to charge the phones and no #entertainment sys‚Ä¶ https://t.co/VxrnZHYFLs
JPJets_Group,United Airlines DC 10 going around the runway after an attempt to land at Los Angeles International Airport.‚Ä¶ https://t.co/hCl4uUNnF1
speedbirdhd,New @weareunited livery at @flyLAXairport - #united #UnitedAirlines #ua #boeing #boeinglovers #boeing737 #b737‚Ä¶ https://t.co/TuYclXVh2L
TravelCTM_UK,.@united passengers in Chicago have the opportunity to score business class seats &amp; upgrades on flights to London o‚Ä¶ https://t.co/Q1DvFoMQOt
csfernandez1977,Another excellent flight ! Thanks ! @weareunited @united #unitedAIRLINES #JacksonMs @JacksonAirports #Home Home ! https://t.co/NkBCVqXlQN
Chewystein,My ride to Hawaii. Here I come Honolulu. #travel #hawaii #unitedairlines #boeing777 #johnwick3 https://t.co/WwPIIlocvU
TravelPulse,"A cabin pressure issue caused a @united Airlines flight to perform an emergency landing.  
https://t.co/tTZtdZ6ab4‚Ä¶ https://t.co/eVboGAoyPY"
katsjourney,Thanks @united! Excellent cover story on Costa Rica.  I'm an immigrant living there and you discovered new places f‚Ä¶ https://t.co/A4sHwKCwV8
csfernandez1977,Excellent flight #BsAs #IAH #BuenosAiresHouston #UA818 #OvernightFlight #UnitedAirlines @weareunited @united https://t.co/zDgAJK6ko0
MeH_not_meh,Reeeeeeeeeealllllly tired post #NYCC19 but excited the Newark #UnitedAirlines lounge tea offerings inc. fresh ginge‚Ä¶ https://t.co/2UyjZWKX3u
rickrow,"Don't ever plan on travelling non-stop from Amsterdam to San Francisco on #unitedAIRLINES non-stop.

Doesn't exist.‚Ä¶ https://t.co/Hl7KnGj9jj"
Sdansarah,RT @irvintyan: It‚Äôs not every day that you board a #UnitedAirlines flight and find yourself part of the onboard entertainment. #AlmaDeutsch‚Ä¶
fcattant111,"RT @SanitaMusselaya: GIAD in CDG with sixteen young girls sharing the magic of aviation and listening to speeches from pilots, flight atten‚Ä¶"
Gen_Wheeler,"RT @TravelPulse: Today, @united launched its Aviate program to help adapt to the fact it will lose nearly half of its pilots over the next‚Ä¶"
Fareskart_us,"Ho Ho Ho üéÖ Christmas Flight Deals!
Save üí≤ FLAT 48% üí≤ on Flight Bookings
‚òéÔ∏è Call Now +1-855-684-6886
#DeltaFlights‚Ä¶ https://t.co/MbYTxPoLgu"
MartalPato,Boarded with #unitedairlines!! The plane is huge!!! üòÉüëåhope it‚Äôs gonna be a comfortable ride üòä‚Ä¶ https://t.co/NcriJTmTr2
mkeway4noddy,Boarded with #unitedAIRLINES!! The plane is huge! üòÅüëå hope it‚Äôs a pleasant flight! ü§ûüòä https://t.co/NR0etvkaO1
MartalPato,Finally ready for the first big trip together!!! #goingtoperu hard to look good in layers üò¨ #couplegoals #holidays‚Ä¶ https://t.co/QH667vm41Z
WildlingTravels,RT @mkeway4noddy: Finally ready for the first big trip together!!! #goingtoperu hard to look good in layers üò¨ #couplegoals #holidays #adven‚Ä¶
mkeway4noddy,Finally ready for the first big trip together!!! #goingtoperu hard to look good in layers üò¨ #couplegoals #holidays‚Ä¶ https://t.co/aIZ6QZMcPU
PlaneSpotIsCool,"RT @TykesAeroBlog: N37528 737-9 United Airlines first flight

First flight Oct6 #KRNT to #KBFI flying as BOE128 unpainted.

Msn 64502/7752‚Ä¶"
TykesAeroBlog,"N37528 737-9 United Airlines first flight

First flight Oct6 #KRNT to #KBFI flying as BOE128 unpainted.

Msn 64502/‚Ä¶ https://t.co/3xQCwNREmD"
pilipina,Totally just purchased internet on the plane for the first time in order to keep up with the @Chiefs game! #UnitedAirlines #ChiefsKingdom
EverytingIvry,Hi Dear @united I would like to know why my bags left on another flight? Why my bags are not in my flight or I was‚Ä¶ https://t.co/5BIECqSJRf
RenaMason88,2.5+ delay with United and now we've been waiting for our luggage for 20 minutes. #UnitedAirlines sucks.
peachskone,"Aye @united why are the employee res flight benefits not working nationwide?
Trying to see my dad for his birthday‚Ä¶ https://t.co/DZJUQY9BJ7"
irvintyan,It‚Äôs not every day that you board a #UnitedAirlines flight and find yourself part of the onboard entertainment.‚Ä¶ https://t.co/iR5zg3JbGD
basam,"Usually when there are posts on airlines it‚Äôs complaints, so wanted to take the time to complement #unitedAIRLINES‚Ä¶ https://t.co/4oiwUa2TO7"
_plumber_,#unitedAirlines UA1865 SFO -&gt; BOS diverted to DEN. I know it's fashionable to rage-gasm at every inconvenience. But‚Ä¶ https://t.co/NdzubdTfzL
LoyalUA1K,Bye IAH; see ya in few days! #travel #unitedjourney #unitedairlines https://t.co/MKseipEmI0
claimcompanies,"RT @zachfowlermusic: So I paid for an upgrade in order to move myself from a middle seat to an aisle seat on a @UnitedAirlines flight, but‚Ä¶"
zachfowlermusic,"So I paid for an upgrade in order to move myself from a middle seat to an aisle seat on a @UnitedAirlines flight, b‚Ä¶ https://t.co/XZ8pEow1zR"
Run2Wanderlust,"After a 4.5 hour delay, sitting in M√©rida for most of it waiting on fuel while we dodge storms, and then finally ju‚Ä¶ https://t.co/vMtVqbAdWw"
JasmineMcAlist2,"4+ hour delay with #unitedAIRLINES. Our flight to London leaves at 7:30. Bags, check in, and customs in 1 1/2hr!?!?‚Ä¶ https://t.co/nWwjqbZpER"
aleisa1087,@UnitedAirlines I‚Äôm supposed to be on my honeymoon. A short flight from IND to Chicago has turned into 5 hours at I‚Ä¶ https://t.co/zNMNHFeagB
JasmineMcAlist2,Absolutely worried. Your #honeymoon  is supposed to be filled with bliss and laughter. Mine has started with tears‚Ä¶ https://t.co/120k6dvpX7
JasmineMcAlist2,Apparently #unitedAIRLINES  won‚Äôt reimburse passengers for ‚Äúmechanical‚Äù issues. I get that safety is #1 but missing‚Ä¶ https://t.co/eTSZqZHEj6
JasmineMcAlist2,#unitedAIRLINES is THE WORST! UA3843 has been delayed for four hours. Instead of getting a new flight we‚Äôve been fo‚Ä¶ https://t.co/rWIdzs1wXV
DrMilmon,"At boarding gate, told there was no more space and that I HAD to check my bag. Then I get on and see this all aroun‚Ä¶ https://t.co/hb2jIVEAZI"
kisrani,How clean are flight. Me on United 2187 and see what I saw...#unitedAIRLINES https://t.co/ETXjSQxv7j
thatgirlinny,‚Å¶@AmericanAir &amp; #unitedAIRLINES - Simple fact: We know #greed is your co-pilot in all decisions. #ownit #Travel Ame‚Ä¶ https://t.co/z1sc52OeRk
JPJets_Group,"A Legendary United Airlines DC-10-30 Loud Take Off from Los Angeles International Airport -USA.

#unitedAIRLINES‚Ä¶ https://t.co/Trekg9Wb4I"
UnitedRachel,Sunday flying is much more fun than Sunday driving #UnitedAIrlines https://t.co/07OTWcmIfZ
mcvietthao,"Meals on United Airlines #99 from Melbourne Australia to LAX California.
.
#vietthao  #mcvietthao  #unitedairlines‚Ä¶ https://t.co/y1r7aF2wgc"
Clare10198026,#unitedairlines @unitedairlines Shout our the amazing crew from Greenbriar to ORD.  We thought we‚Äôd be delayed by t‚Ä¶ https://t.co/OWvtXkfVP1
Stevevalentine,Best connection ever! I timed it. They were right.  Thanks #unitedairlines https://t.co/cinsdq8jl1
contrapuntist,"@united I don‚Äôt understand why you don‚Äôt provide a meal for an 8+ hour flight to Hawaii, but you do for a shorter i‚Ä¶ https://t.co/oCuAbinxjU"
jAdor3_ReNee,"Now we‚Äôre back on the plane, still sitting at the gate. Gassing up @united 2 hours later... ü§¶üèΩ‚Äç‚ôÄÔ∏è #unitedAIRLINES https://t.co/ikh7M0wHmw"
jAdor3_ReNee,Th√© @united FA asks who would like to sit in the emergency exit row so I volunteer as a way to spread out and avoid‚Ä¶ https://t.co/e4sgOXri8O
jAdor3_ReNee,So I‚Äôm traveling on @united and for the inconvenience of sitting on the tarmac for an hour then having to deboard t‚Ä¶ https://t.co/UJpKzpVp3k
UA_MarkClays,"RT @SanitaMusselaya: GIAD in CDG with sixteen young girls sharing the magic of aviation and listening to speeches from pilots, flight atten‚Ä¶"
TakeoffFox,"RT @TravelPulse: Today, @united launched its Aviate program to help adapt to the fact it will lose nearly half of its pilots over the next‚Ä¶"
TravelPulse,"Today, @united launched its Aviate program to help adapt to the fact it will lose nearly half of its pilots over th‚Ä¶ https://t.co/G2yvJZaDDO"
TifaHolidays,"Famous International Pushkar Camel Fair 2019, Book your trip today
#pushkarcamelfair #unitedairlines #unitedkingdom‚Ä¶ https://t.co/76iDPe3dKH"
claimcompanies,RT @GrahamDLedger: Delayed flight #UA929 - would be nice if @united #unitedAIRLINES were to able to make/offer complimentary ‚Äòadult‚Äô bevera‚Ä¶
Flight_Refunds,RT @GrahamDLedger: Delayed flight #UA929 - would be nice if @united #unitedAIRLINES were to able to make/offer complimentary ‚Äòadult‚Äô bevera‚Ä¶
GrahamDLedger,Delayed flight #UA929 - would be nice if @united #unitedAIRLINES were to able to make/offer complimentary ‚Äòadult‚Äô b‚Ä¶ https://t.co/4UkYvzGwJ0
age_waller,Thanks for nothing United Airlines! After all of my years of loyalty and you schedule changes 3x on my wedding? Sha‚Ä¶ https://t.co/wVHLFmmzzT
CarltonNewberry,@united The best #unitedAIRLINES will be able to do is offer empty apologies about not honoring the boarding past I‚Ä¶ https://t.co/ijfUvJNkye
change_flight,To get the best quality of #UnitedAirlines #CustomerService call Airline Change Flights. Visit:-‚Ä¶ https://t.co/scpkUe2daH
SiobhanLeachman,You can tell it's an American crew looking after this flight to NZ. There are NO announcements of the score!‚Ä¶ https://t.co/GMv48F2Zw3
gregsfuller,"Im just sittin' out here watching airplanes - Denver International Airport

#dia #flyunited‚Ä¶ https://t.co/MkM15LOUqy"
afullerrealtor,I left an item on flight UA297 from Houston to New Orleans about an hour ago.  How can I retrieve my lost item?  #unitedairlines
ssircole,"Landing in DC at night.

#3daytravels #unitedairlines #bonvoy #travel #dca #washingtondc @ Washington, District of‚Ä¶ https://t.co/90VHSxbq3b"
Lonnie57384688,#unitedAIRLINES what a fantastic lunch. Lots of flavor and chicken was very tender and juicy. https://t.co/fY51shzfgf
Devoya,even good for if all it insures is that you can pay twice for something you had to cancel due to weather?! no more‚Ä¶ https://t.co/naWwuojQdL
kutbi_d,"#unitedairlines
I was on a business class flight from Cleveland to Singapore, via Chicago and Tokyo. I had booked t‚Ä¶ https://t.co/ybZ5uMcwU3"
AlisaVoris,"United pilot Nick Carter 
BZN to DEN was so kind and helpful!
Thank you! 
#unitedairlines #flyunited @united"
goonerleon10,@united Airlines is the absolute worst. Whole front of the plane empty and you still make everyone sit at the back.‚Ä¶ https://t.co/Oa6ZRqh8Py
JoeEatsWorld,"Waiting to go home. I‚Äôm going to sleep soon.
.
.
.
.
#airport #sfo #airplanes #terminal3 #airportfood #southbay‚Ä¶ https://t.co/ezoGj7Ncf6"
thamar_solorio,@united thank you so much for tracking me down to let me know that I left my laptop in the plane. And thanks much f‚Ä¶ https://t.co/hlAdU1XKxq
SeanCallahanMD,Booking flight (Last minute) to #CHEST2019 and wondering why for an extra $19 #unitedAIRLINES offers to liquor up t‚Ä¶ https://t.co/NM2zBXidPQ
adr171,@UnitedAirlines super lame that you refuse a business class ticket into the lounge. I‚Äôll remember that next trip. #UnitedAirlines
Dchelootz,@UnitedAirlines It‚Äôs pretty sad when a company and their employees put customers second and give a paid seat for st‚Ä¶ https://t.co/AkcaN53eOa
SanitaMusselaya,"GIAD in CDG with sixteen young girls sharing the magic of aviation and listening to speeches from pilots, flight at‚Ä¶ https://t.co/gr9vcqYmhV"
Inspiredonce,"On the bright side, #UnitedAirlines brought the Stroopwafel back üòç"
vacayimpossible,"RT @samyeh: Arrived at #SFO, almost thought my first class ticket didnt give me access to #united club. #UnitedAirlines"
TravelPulse,"Today, @united launched its Aviate program to help adapt to the fact it will lose nearly half of its pilots over th‚Ä¶ https://t.co/ob6LgLzrHu"
Poshtrvl,Miss the mature face of a crew member. Can they hold it together? Can they effectively handle passenger conflicts?‚Ä¶ https://t.co/YFtDSzZLGZ
iuY0jx47oBZfIlO,"RT @UnitedFlyerHD: #tbt to my Houston days ... a United B777-200ER (N74007) taxiing to depart Houston IAH 15R. 
#avgeek #boeing #boeing777‚Ä¶"
minnnyme,RT @dianaterranova: I‚Äôd like to congratulate United Airlines on their diversity hire at the KOA airport in Hawaii @united  #UnitedAirlines‚Ä¶
cherringinsc,RT @dianaterranova: I‚Äôd like to congratulate United Airlines on their diversity hire at the KOA airport in Hawaii @united  #UnitedAirlines‚Ä¶
to_cummings,Empty LAX @united lounge for the start of our Scotland/Zurich trip. You can see the action jorts are coming along.‚Ä¶ https://t.co/VALZreN2Ig
claimcompanies,RT @danhillusmc: #UnitedAirlines flying 2 SF this morning and they separated my wife and I in seating.  I asked the gate attendant if I cou‚Ä¶
danhillusmc,#UnitedAirlines flying 2 SF this morning and they separated my wife and I in seating.  I asked the gate attendant i‚Ä¶ https://t.co/hwwd0QA0H2
OK1XPM,"RT @FlightModeblog: üòÇüòÇüòÇüòÇüòÇ
When you forget your wallet!
Video: aviavideos

#flightmodeblog #flightmode #aviation #avgeek #airlines #United #‚Ä¶"
FlightModeblog,"According to¬†CNBC, Chicago-based #United Airlines announced on Thursday it would look to hire over 10,000 new‚Ä¶ https://t.co/ZW4NugdM3D"
FlightModeblog,"üòÇüòÇüòÇüòÇüòÇ
When you forget your wallet!
Video: aviavideos

#flightmodeblog #flightmode #aviation #avgeek #airlines‚Ä¶ https://t.co/YBnxqQxqPR"
pointhacks,"USING POINTS: How I used a schedule change to upgrade myself to a better plane for free
https://t.co/KmUUTpBkJH‚Ä¶ https://t.co/RGoVJSxJVj"
OhBotswana,RT @dianaterranova: I‚Äôd like to congratulate United Airlines on their diversity hire at the KOA airport in Hawaii @united  #UnitedAirlines‚Ä¶
KlatuBaradaNiko,RT @dianaterranova: I‚Äôd like to congratulate United Airlines on their diversity hire at the KOA airport in Hawaii @united  #UnitedAirlines‚Ä¶
speedbird0005,"Someday, I wanna fly by island hopper flight between GUAM and HONOLULU with my respect for United airlines.‚Ä¶ https://t.co/nrCYtmCNnJ"
claimcompanies,RT @RockyLaPorte: My flight's been delayed so long that I'm growing a beard. ‚úàÔ∏èüßîüèªü§¶üèª‚Äç‚ôÇÔ∏èüò© @united #unitedairlines #chicagotodc #travelproblem‚Ä¶
RockyLaPorte,My flight's been delayed so long that I'm growing a beard. ‚úàÔ∏èüßîüèªü§¶üèª‚Äç‚ôÇÔ∏èüò© @united #unitedairlines #chicagotodc‚Ä¶ https://t.co/Osm5vYG5yG
claimcompanies,RT @coryokeefe: When you‚Äôre 4 hours delayed and miss your connecting flight and you‚Äôre also delayed on hold for 45 minutes to rebook. Sorry‚Ä¶
coryokeefe,When you‚Äôre 4 hours delayed and miss your connecting flight and you‚Äôre also delayed on hold for 45 minutes to reboo‚Ä¶ https://t.co/teg9mtiiAS
noplasticshower,RT @JolineRivera: I find it completely offensive that @united interrupts my flight experience for 5 minutes to pitch their credit card over‚Ä¶
ChefTsonton,RT @JolineRivera: I find it completely offensive that @united interrupts my flight experience for 5 minutes to pitch their credit card over‚Ä¶
JolineRivera,I find it completely offensive that @united interrupts my flight experience for 5 minutes to pitch their credit car‚Ä¶ https://t.co/KvwxMJuMN8
samyeh,"Arrived at #SFO, almost thought my first class ticket didnt give me access to #united club. #UnitedAirlines"
PhantomCrkRanch,"RT @JetsonLes: Airline Pilot Shortage Solutions at United, Delta, American &amp;#038; Southwest https://t.co/vKtq3S02Ml

#AvGeek #AvGeeks #airl‚Ä¶"
JNTweet,"#unitedAIRLINES 
Just landed in chicago 40 minutes early and arrived at the gate 10 minutes late. Thanks @unitedairlines !"
vilade_john,"ATC delay
2 tire replacements on plane
Ground hold
^ Fly ^
Land in EWR couple hours late 
Ground hold due to no jet‚Ä¶ https://t.co/jPwPWDDyY8"
CoxyWx,"RT @JetsonLes: Airline Pilot Shortage Solutions at United, Delta, American &amp;#038; Southwest https://t.co/vKtq3S02Ml

#AvGeek #AvGeeks #airl‚Ä¶"
JetsonLes,"Airline Pilot Shortage Solutions at United, Delta, American &amp;#038; Southwest https://t.co/vKtq3S02Ml

#AvGeek‚Ä¶ https://t.co/BK5R2qcxVG"
olivnoriega,I‚Äôll never fly #unitedAIRLINES again
agolod13,"#UnitedAirlines to home ORD (@ Gate 82 in San Francisco, CA) https://t.co/TMxPS1rOwF"
GallagherJames,"#unitedAIRLINES Can't even make this s$it up... Flight 4986 still sitting at EWR broken seat 45 min, can't get seco‚Ä¶ https://t.co/BktbNRgh78"
DMezerette,@united @astros Apparently that‚Äôs also what the heart rate of passengers on UA223 was doing when they had to brace‚Ä¶ https://t.co/aDcdIGQhCH
BrierPatch72,Dublin down. #neveraspectator #aftco #calcuttaoutdoors #irishroving #eastofbeachhaven #saikoflourocarbon‚Ä¶ https://t.co/W8IG5tYb8u
Laurita_Q11,@united Horrible service at the ticketing desks at #LGA not to mention that it is currently 4:49PM my flight was su‚Ä¶ https://t.co/0sh7lL6Waa
MD80com,"RT @TravelAds1: Midway Metrolink introduced its Flyesr First program, comparing it to #TWA, #AmericanAirlines, and #UnitedAirlines in this‚Ä¶"
TravelPulse,"Today, @united launched its Aviate program to help adapt to the fact it will lose nearly half of its pilots over th‚Ä¶ https://t.co/YHxxxMA2Cd"
TravelAds1,"Midway Metrolink introduced its Flyesr First program, comparing it to #TWA, #AmericanAirlines, and #UnitedAirlines‚Ä¶ https://t.co/okSPGLxn01"
Acdckcnut,"3/ Guess now I have to find a new bank/card issuer and maybe even another airline.

Communicate with people , it is‚Ä¶ https://t.co/60HRUBLSCW"
tuningelement,"As seen on Amtrak's magazine: The National, and Hemispheres Magazine on United Airlines ‚úà¬†
Sleep like a üë∂ again wit‚Ä¶ https://t.co/4LiV9RNIhQ"
Kelly1uk,RT @GlobalTravelMgt: United Airlines CEO Oscar Munoz would rather see passengers make their connecting flights even if that means holding p‚Ä¶
slprosper,@united #unitedAIRLINES yes but that has also been delayed!!! We just don‚Äôt understand how you give our seats away‚Ä¶ https://t.co/FBBvDjNpLg
slprosper,"After waiting in Dublin for a 2.5 hour maintenance delay, #unitedAIRLINES gave our seats away on our connecting fli‚Ä¶ https://t.co/qAl5KA1CYo"
KeikoA730,What a feeling of relief to enjoy a fresh seafood meal in #sapporo #japan after 41 hours of traveling hell with mis‚Ä¶ https://t.co/XvLtaEsXDy
CTaylorBirder,"Ok, what‚Äôs with the old / new United Airlines tail design?  The stripe and name comes from the 1960s, but the lette‚Ä¶ https://t.co/ww1GU06uy9"
CTaylorBirder,"Hmmm....hoping....
#unitedairlines #upgrade @ Houston International Airport- International Flights! https://t.co/P0Y9BrFZx5"
MileageRunner,[#Rumor] #UnitedAirlines President Scott Kirby to jump back to #AmericanAir? https://t.co/eqarXfOtsM
nattypawley,RT @GlobalTravelMgt: United Airlines CEO Oscar Munoz would rather see passengers make their connecting flights even if that means holding p‚Ä¶
WBBMNewsradio,RT @Giersh: #UnitedAirlines and other #aircarriers are offering 'new perks to pilots' - as they look to fill thousands of positions over th‚Ä¶
Giersh,#UnitedAirlines and other #aircarriers are offering 'new perks to pilots' - as they look to fill thousands of posit‚Ä¶ https://t.co/ijBEvn6jWB
cigarAFICI0NAD0,"Engine cowling opens after take-off, #UnitedAirlines #Boeing737 safely returns to #Denver, U.S. https://t.co/3VNRSGFlkR via @aviation24_be"
nonrevnick,"Flashback Friday to my ramp days, and this day I decided to wear shorts not knowing it was suppose to snow ü§∑üèª‚Äç‚ôÇÔ∏è. B‚Ä¶ https://t.co/rc11gOAbay"
Nola_TC,"@United I fly ten times a year, but haven‚Äôt used #unitedAIRLINES recently.  Today will be my last time.  after chec‚Ä¶ https://t.co/L6MVrKtUmR"
DanielBlake_19,@united One of the best flights ever üíÅ‚Äç‚ôÇÔ∏è #UnitedAirlines ‚ù§Ô∏èüåà‚ù§Ô∏è https://t.co/6IYzQu7hvb
claimcompanies,"RT @Cleminca: After bad experiences with #unitedAIRLINES 6 months ago (flight delayed, cancelled) I swore to never use UA again. Well I kin‚Ä¶"
Cleminca,"After bad experiences with #unitedAIRLINES 6 months ago (flight delayed, cancelled) I swore to never use UA again.‚Ä¶ https://t.co/nNpeZ5RvZf"
CharlestonSF,#thankful #grateful #hellobendoregon #fashionshowtoday #unitedairlines #travelinggrace #godisgood @ The Friendly Sk‚Ä¶ https://t.co/P2GEoDICrQ
GlobalTravelMgt,United Airlines CEO Oscar Munoz would rather see passengers make their connecting flights even if that means holdin‚Ä¶ https://t.co/0sje4c2w55
DNSlashGamer,Sheila is ready for a girls trip to #Vegas! Will they let her into the fancy night clubs in her paleontology outfit‚Ä¶ https://t.co/dycWzEhd7l
danorleans,Moring at DIA #flyden #UnitedAirlines #sunrise https://t.co/iGYY8s5ItR
adam_aviator,"RT @UnitedFlyerHD: #tbt to my Houston days ... a United B777-200ER (N74007) taxiing to depart Houston IAH 15R. 
#avgeek #boeing #boeing777‚Ä¶"
LizRauOfficial,I hope #UnitedAirlines will add soy creamer in first class soon....
marshallcrane,@TradeBoston is now open in Terminal B at Boston Logan Airport! Unbelievable first day yesterday. Open daily starti‚Ä¶ https://t.co/9jsbAgSpOL
CurtMilton,Morning at the United Club #unitedairlines #unitedclublounge @ EWR- Terminal A https://t.co/AQiXKfnEWn
StatMediaNews,"#Technology, increased cargo volumes propelling Canada aviation

#France #Germany #Italy #Japan #UnitedKingdom #USA‚Ä¶ https://t.co/IH4o3FcE4b"
quemero20,"RT @UnitedFlyerHD: #tbt to my Houston days ... a United B777-200ER (N74007) taxiing to depart Houston IAH 15R. 
#avgeek #boeing #boeing777‚Ä¶"
ErikGlitman,Sunrise over the Jersey Shore and s reflection on the Freedom Tower. #unitedAIRLINES window seat. Heading into Newa‚Ä¶ https://t.co/vc4V6LCSlU
troublemancer,"There be animu on dis plane! O3O! Not a huge variety tho. XD Still, nice to have the option? #unitedairlines https://t.co/0Rg5GQJOm6"
mbustama,It is happening and you may not even be noticing. I am at the ‚Å¶@CityofNewarkNJ‚Å© airport #newark #unitedAIRLINES and‚Ä¶ https://t.co/asHuYnZ9UI
SuperbSpeakers,"""Find Your Path"" Career Expo for 3,000 #HISD Students at #NRG #unitedairlines #CareerExpo https://t.co/IYIsLV9EbX"
copetersen,"Look, I mostly love you #unitedAIRLINES, but after a million miles together you should know that I have not used a‚Ä¶ https://t.co/obbOak3SCo"
phelipOulos,"RT @UnitedFlyerHD: #tbt to my Houston days ... a United B777-200ER (N74007) taxiing to depart Houston IAH 15R. 
#avgeek #boeing #boeing777‚Ä¶"
Brandon33045499,#unitedairlines leaf ‚Å¶@united‚Å© https://t.co/0HlJI66X9m
trmbn65,Hard to see but there it is! #UnitedAirlines https://t.co/1uOsfg86UD
trmbn65,"#UnitedAirlines flight UA2204 captain‚Äôs final salute. Gets a cannon salute! Happy retirement, Captain! https://t.co/4RkPCrHWf1"
ArtisticImages,Visited #PA Memorial Very moving #NeverForget #Flight93 #Memorial #Pennsylvania #9/11 #Chimes #Stoystown‚Ä¶ https://t.co/UuCfzULrny
flyAPM,"RT @UnitedFlyerHD: #tbt to my Houston days ... a United B777-200ER (N74007) taxiing to depart Houston IAH 15R. 
#avgeek #boeing #boeing777‚Ä¶"
trmbn65,#NLDS live on #UnitedAirlines makes the flight fly right by! https://t.co/qJMPP2wLzi
DoggedPragmtsm,"#UnitedAirlines  once again, flight 1896 has a boarding time of 745 pm but the ""where is this aircraft coming from""‚Ä¶ https://t.co/Cv3Zbxx9kZ"
trmbn65,#UnitedAirlines Premier 1K queue as long as some entire groups!
trvlpionus,"Hey  @united , how can we depart at 8:05 0pm when boarding is not yet complete?  And why did you just realize rhe o‚Ä¶ https://t.co/dvtqemY6tp"
IffanFikri,"RT @UnitedFlyerHD: #tbt to my Houston days ... a United B777-200ER (N74007) taxiing to depart Houston IAH 15R. 
#avgeek #boeing #boeing777‚Ä¶"
LindaMarieLeon,"Exhausted and unwell on a business trip.  I just want to be home.  Come on #unitedAIRLINES , stop with the flight d‚Ä¶ https://t.co/Bg6d9EkXcl"
_benmassey,"RT @UnitedFlyerHD: #tbt to my Houston days ... a United B777-200ER (N74007) taxiing to depart Houston IAH 15R. 
#avgeek #boeing #boeing777‚Ä¶"
angie_gia,Looking for new #pilots with direct flow thru to @United Come work with #AviationsElite and the #worldsbestairline‚Ä¶ https://t.co/ZIvIx5kQ0k
YaBoyBrutal14,"RT @UnitedFlyerHD: #tbt to my Houston days ... a United B777-200ER (N74007) taxiing to depart Houston IAH 15R. 
#avgeek #boeing #boeing777‚Ä¶"
ANotabartolo,#unitedAIRLINES is leaving me stranded at Newark airport for 5 hours and no seems to know if they can help. Not sur‚Ä¶ https://t.co/5hqpmUnKtO
joules_s,"So cool!!

#UnitedAirlines meets #AlaskaAirlines https://t.co/aofPdTIlR8"
mhtankco,#unitedAIRLINES had better contact me 1st out of respect 2cnd out of professional courtesy or 3rd social media revenge
claimcompanies,"RT @LauraJWolf1: UA1655 on time, not on time, on time now delayed again because of  missing flight attendant 10 min to takeoff and we‚Äôve no‚Ä¶"
LauraJWolf1,"UA1655 on time, not on time, on time now delayed again because of  missing flight attendant 10 min to takeoff and w‚Ä¶ https://t.co/FH2TQkkn6K"
CharlestonSF,"It‚Äôs always nice seeing old friends 
#sanfranciscoairport #unitedairlines #sfo #thursday #herewego @ San Francisco‚Ä¶ https://t.co/DcH4a4Mvmt"
CharlestonSF,"Thank you Mario for being you.
San Francisco International Airport 
üòÉ
#herewego #friendlyskies #unitedairlines #sfo‚Ä¶ https://t.co/vdE8vbOFTu"
kaytgodwin,@ChaseSupport not impressed with the application process for your United Mileage Plus card .... #chase #UnitedAirlines #CustomerExperience
bitesell,was wondering what ‚Äòeconomy minus‚Äô meant on my boarding pass until they ushered me to my seat in the lavatory stall‚Ä¶ https://t.co/2Kgk09gQGc
commonsence1822,"RT @UnitedFlyerHD: #tbt to my Houston days ... a United B777-200ER (N74007) taxiing to depart Houston IAH 15R. 
#avgeek #boeing #boeing777‚Ä¶"
jpackowski,"RT @UnitedFlyerHD: #tbt to my Houston days ... a United B777-200ER (N74007) taxiing to depart Houston IAH 15R. 
#avgeek #boeing #boeing777‚Ä¶"
dgrutsch,"RT @UnitedFlyerHD: #tbt to my Houston days ... a United B777-200ER (N74007) taxiing to depart Houston IAH 15R. 
#avgeek #boeing #boeing777‚Ä¶"
UnitedFlyerHD,"#tbt to my Houston days ... a United B777-200ER (N74007) taxiing to depart Houston IAH 15R. 
#avgeek #boeing‚Ä¶ https://t.co/j9CaXCAwSu"
CadellRowe,RT @JaspreetTravels: Headed west for a busy rest of the week ‚úàÔ∏è #beingunited #unitedairlines https://t.co/jhT9BaPoU1
PeterMorscheck,7 Best Tweets about the #UnitedAirlines Scandal https://t.co/4GjnT95nAX
FlightDevRBX,"RT @virtualUA: Little quiz üòè Takeoff or landing? The 787 is quite a majestic bird üòç‚úàÔ∏è
#fsx #airplane #boeing #flightSim #photograph #virtua‚Ä¶"
JaspreetTravels,Headed west for a busy rest of the week ‚úàÔ∏è #beingunited #unitedairlines https://t.co/jhT9BaPoU1
Chad_Bjornson,"@united after complete BS yesterday getting a flight cancelled and having  staff try to charge me to reroute, we dr‚Ä¶ https://t.co/OR8lHVcJN5"
REZBOMB,"@united had such a cold plane on my recent flight that I knew I'd get sick, and sure enough, I'm sick as can be. Ho‚Ä¶ https://t.co/GISWOWPRdr"
Brandon33045499,#unitedairlines logo in black and white from a twitter profile picture ‚Å¶@united‚Å© https://t.co/zfw04lbY32
GH_obsession1,Beautiful #HerArtHere #UnitedAirlines https://t.co/rnUxMRszhe
MsDeeZok,#unitedAIRLINES is the worst! 5 hour delay and now they can‚Äôt figure out how to balance the weight
claimcompanies,RT @timroexp: Delayed flight to Austin because weather. Snacks for us waiting.  wtg #unitedAIRLINES https://t.co/dOp3IuWmSx
timroexp,Delayed flight to Austin because weather. Snacks for us waiting.  wtg #unitedAIRLINES https://t.co/dOp3IuWmSx
daniellamilite3,RT @militello4: How about I drive next time United??Could have been home! Delay update: Your 5:45pm flight from Pittsburgh to Newark is del‚Ä¶
claimcompanies,RT @militello4: How about I drive next time United??Could have been home! Delay update: Your 5:45pm flight from Pittsburgh to Newark is del‚Ä¶
militello4,How about I drive next time United??Could have been home! Delay update: Your 5:45pm flight from Pittsburgh to Newar‚Ä¶ https://t.co/KD8HrUnIvy
butterstupidone,"@Will_V2lab we need assistance on the jet way, where you at?! The push cart is stuck to the plane... lol #UnitedAirlines #denver"
claimcompanies,RT @pluginbabygrl: Bad form @united. Held a full 737 flight on the tarmac for over an hour (so far) for 7 passengers whose connecting fligh‚Ä¶
pluginbabygrl,Bad form @united. Held a full 737 flight on the tarmac for over an hour (so far) for 7 passengers whose connecting‚Ä¶ https://t.co/CsKBR8ESLY
Lucy59jarvis,"Seems #UnitedAirlines and #Lufthansa lost my bag and could care a less! I will never, never buy another first class‚Ä¶ https://t.co/9RDAgNjELj"
ShieldVoC,RT @EllleCastillo: Extremely annoyed. @UnitedAirlines made EVERYONE after boarding class 2 to check in their bags because there were ‚Äúno mo‚Ä¶
EllleCastillo,Extremely annoyed. @UnitedAirlines made EVERYONE after boarding class 2 to check in their bags because there were ‚Äú‚Ä¶ https://t.co/vSuxzOpNcX
JuanCabUAL,üõ´üõ¨Another Milestone. John Yarfi thank you for your 15 years of service.üíØ #weareunited #core4 #united2winNYC‚Ä¶ https://t.co/hFDUAQZn8k
SuperbSpeakers,"Aviation Careers In Action... Next Generation

#GirlsInAviationDay #UnitedAirlines Xavier Samuels https://t.co/CsWNSgvxal"
GandhiMaya,@united what the ü§¨!!!! You kicked my friend off her United flight for having tattoos!!!! Attendant's told her YOUR‚Ä¶ https://t.co/LabyafUtmO
UnitedRachel,A big thank you to my #UnitedAirlines family for the special 25th birthday @OpheliaDames @unitedgus @Daddyo37 https://t.co/oA5V3pQILo
David_L_London,Well who called out the Tattoo Nazis??? #UnitedAirlines is throwing passengers off of their aircraft if they have‚Ä¶ https://t.co/QlAujfJ1Sc
David_L_London,@NBCNews @united Why does #UnitedAirlines have a #PassengerPolicy that bans #VisibleTattoos????üò†üò†üò†
David_L_London,@aifjs #UnitedAirlines will  throw You off their planes because of visible tattoos!! They say they have a #policy a‚Ä¶ https://t.co/kQzX15knR9
Remedine,#UnitedAirlines  No carry on bags? Terrible customer service
KlKoonze,United makes me feel like a winner! #UnitedAirlines #sfo #ual https://t.co/YU2dUiYQvn
samanthakuhr,"@united

 this is a bait and switch.  You offered my son a snack on a recent flight and then decided to charge the‚Ä¶ https://t.co/LrVjUScDcm"
samanthakuhr,"@united
 this is a bait and switch.  You offered my son a snack on a recent flight and then decided to charge the c‚Ä¶ https://t.co/imiwJuAFUO"
ClareKramer,"Update: This #UnitedAirlines flight has no WiFi despite advertising that is DOES have WiFi w multiple stickers. Why?

üòêüòêüòêüòêüòêüòê"
Shant51072254,@UnitedAirlines just cost me more money by cancelling my flight and now delaying me 3 hours...thanks United #unitedairlines #united
cityfoodbot,"RT @ScottishField: Time for an autumn break?
https://t.co/9frDIiD0oZ
#DirectFlights #Chicago #UnitedAirlines #USA #TheWindyCity #autumnbrea‚Ä¶"
JoeEatsWorld,"Waiting to board our flight to SFO.
.
.
.
.
#ohare #chicago #flights #traveling #leavingonajetplane‚Ä¶ https://t.co/n0VK7d147T"
NYJusticeSeeker,"#Disney to partner #StarWars #TheRiseofSkywalker' with advertisers 
#Porsche #UnitedAirlines #SamsungMobile #Dannon‚Ä¶ https://t.co/PelyfWvi1P"
ScottishField,"Time for an autumn break?
https://t.co/9frDIiD0oZ
#DirectFlights #Chicago #UnitedAirlines #USA #TheWindyCity‚Ä¶ https://t.co/S4ko34z6ee"
claimcompanies,"RT @PitSch071: 4 hour delay, REALLY??? My 11:30am flight from Grand Rapids to Newark has been delayed 3 times already. The flight is litera‚Ä¶"
PitSch071,"4 hour delay, REALLY??? My 11:30am flight from Grand Rapids to Newark has been delayed 3 times already. The flight‚Ä¶ https://t.co/cutJJbkOxB"
virtualUA,"Little quiz üòè Takeoff or landing? The 787 is quite a majestic bird üòç‚úàÔ∏è
#fsx #airplane #boeing #flightSim‚Ä¶ https://t.co/8jkBu3LjV9"
ladydigen,"United cancels our flight so asked for a refund for bus tickets that totaled $62, got a check for $14 . . . somethi‚Ä¶ https://t.co/suL7AYwA89"
GlobalMarkets_,$UAL rejecting the $90.00 price level nicely declining -3.69%. Do we see some buying come in at $77.50 again?‚Ä¶ https://t.co/Hme9KR46A9
ItsDeanClark,@FAANews @Transport_gc @EASA How much more do you need to see or hear before you scrap the #Boeing737Max?‚Ä¶ https://t.co/yoxI4K08MA
szilviade_,"RT @pickyfork: RT @szilviade_: RT @ScottishField: Time for an autumn break?
https://t.co/oThazACrUD
#DirectFlights #Chicago #UnitedAirlines‚Ä¶"
cantabrodel79,"RT @imriziv: Shooting a movie for @united in my lovely capital, #Jerusalem üé¨‚úàÔ∏è 
#United #UnitedAirlines https://t.co/6Dr6CMsAaa"
arlohemphill,The amount of #SingleUsePlastic in a typical @United meal is sinister. Completely irresponsible. And the veggie bur‚Ä¶ https://t.co/8OgH4xuFXt
pickyfork,"RT @szilviade_: RT @ScottishField: Time for an autumn break?
https://t.co/oThazACrUD
#DirectFlights #Chicago‚Ä¶ https://t.co/bymsM79FK5"
pickyfork,"RT @cityfoodbot: RT @ScottishField: Time for an autumn break?
https://t.co/oThazACrUD
#DirectFlights #Chicago‚Ä¶ https://t.co/dMbB6Opp6k"
pickyfork,"RT @pickyfork: RT @ScottishField: Time for an autumn break?
https://t.co/oThazACrUD
#DirectFlights #Chicago‚Ä¶ https://t.co/UglpZUwSzf"
essono_verdy,"RT @KateEckman: Dear @united, these are three of your best employees. Thank you to my new friends Angie, Clarice and Inga for your exceptio‚Ä¶"
szilviade_,"RT @ScottishField: Time for an autumn break?
https://t.co/9frDIiD0oZ
#DirectFlights #Chicago #UnitedAirlines #USA #TheWindyCity #autumnbrea‚Ä¶"
pickyfork,"RT @ScottishField: Time for an autumn break?
https://t.co/oThazACrUD
#DirectFlights #Chicago #UnitedAirlines #USA‚Ä¶ https://t.co/y4i9O7yUPI"
RetailFashion,What does #Fashion &amp; #UnitedAirlines have in common ?  ? #Retweet https://t.co/UeGOhciLz0
JoannaBunten,"Spent two hours on a call with #unitedairlines and transferred over an over again to your outsourced call center. Finally, I was hung up on."
iTimBracken,"Landing in Chicago en route to Los Angeles. 
#chicago 
#illinois 
#unitedairlines 
#sunset 
#goldenhour‚Ä¶ https://t.co/Axl4KhK6re"
Moonlitfirefly,"I got my wings today!! Thank you Pilot Brian Gerty for the friendly welcome and my wings! Lol! Until we meet again,‚Ä¶ https://t.co/K92ZKzMDuM"
JPJets_Group,An old video of a United Airlines DC 10 going around the runway after an attempt to land at Los Angeles Internation‚Ä¶ https://t.co/UTT349qU7M
BerenOcg,"#unitedairlines UA6177 dripping water in seat 9A, my leather jacket all wet! The flight attendant rude and neglecte‚Ä¶ https://t.co/mWkZNm0qf0"
RALPH4MADRID,"RT @TravelPulse: On Sunday, a @united Airlines flight made an emergency landing in Denver after what it seems to be a part of the engine be‚Ä¶"
TravelPulse,"On Sunday, a @united Airlines flight made an emergency landing in Denver after what it seems to be a part of the en‚